{"accuracy": [0.1420765072107315, 0.1875, 0.16393442451953888, 0.1875, 0.16939890384674072, 0.1875, 0.18579235672950745, 0.140625, 0.1753472238779068, 0.21621622145175934, 0.20036429166793823, 0.171875, 0.22768670320510864, 0.125, 0.23679417371749878, 0.203125, 0.24043716490268707, 0.25, 0.2786885201931, 0.296875, 0.313296914100647, 0.265625, 0.3333333432674408, 0.21875, 0.37704917788505554, 0.34375, 0.3952641189098358, 0.46875, 0.43169400095939636, 0.5, 0.4790528118610382, 0.40625, 0.4965277910232544, 0.45945945382118225, 0.5664845108985901, 0.546875, 0.6083788871765137, 0.625, 0.6757741570472717, 0.65625, 0.7067395448684692, 0.65625, 0.7378472089767456, 0.7297297120094299, 0.7795992493629456, 0.671875, 0.8087431788444519, 0.765625, 0.8378870487213135, 0.75, 0.8836805820465088, 0.8918918967247009, 0.9107468128204346, 0.828125, 0.8925318717956543, 0.90625, 0.9307832717895508, 0.90625, 0.9581056237220764, 0.984375], "loss": [1.9456175565719604, 1.9091421365737915, 1.9269821643829346, 1.897664189338684, 1.9131815433502197, 1.912309169769287, 1.9140830039978027, 1.9173474311828613, 1.9044737815856934, 1.9132682085037231, 1.91129732131958, 1.9313338994979858, 1.8893073797225952, 1.9586009979248047, 1.897387981414795, 1.8919638395309448, 1.8614072799682617, 1.8869720697402954, 1.8328750133514404, 1.8259263038635254, 1.7550511360168457, 1.7214126586914062, 1.7145304679870605, 1.7612793445587158, 1.6199690103530884, 1.5580514669418335, 1.5700358152389526, 1.5943498611450195, 1.501901388168335, 1.3364925384521484, 1.3854496479034424, 1.5669012069702148, 1.292177677154541, 1.5013633966445923, 1.2022736072540283, 1.2109580039978027, 1.0420373678207397, 0.9559103846549988, 0.9154428243637085, 1.03203284740448, 0.8473597168922424, 0.8800901174545288, 0.7437245845794678, 0.7384231090545654, 0.6365229487419128, 0.9355504512786865, 0.5850757956504822, 0.5580365657806396, 0.4227992296218872, 0.6701199412345886, 0.36537617444992065, 0.29236578941345215, 0.2676169276237488, 0.4153350591659546, 0.31244197487831116, 0.2693917155265808, 0.22370879352092743, 0.28933462500572205, 0.16945098340511322, 0.13081341981887817], "val_accuracy": [0.1640625, 0.1640625, 0.1796875, 0.1640625, 0.203125, 0.1822916716337204, 0.1536458283662796, 0.1614583283662796, 0.1953125, 0.2005208283662796, 0.1640625, 0.2109375, 0.2135416716337204, 0.203125, 0.203125, 0.1979166716337204, 0.2291666716337204, 0.2213541716337204, 0.2291666716337204, 0.2395833283662796, 0.2161458283662796, 0.2161458283662796, 0.2630208432674408, 0.265625, 0.25, 0.2578125, 0.2630208432674408, 0.265625, 0.2526041567325592, 0.2552083432674408, 0.2630208432674408, 0.2682291567325592, 0.2630208432674408, 0.2734375, 0.2838541567325592, 0.296875, 0.265625, 0.2760416567325592, 0.2864583432674408, 0.2890625, 0.2526041567325592, 0.2838541567325592, 0.3046875, 0.3177083432674408, 0.2708333432674408, 0.3046875, 0.2838541567325592, 0.2890625, 0.2786458432674408, 0.2864583432674408, 0.2630208432674408, 0.2708333432674408, 0.2942708432674408, 0.296875, 0.3046875, 0.296875, 0.2916666567325592, 0.2942708432674408, 0.3020833432674408, 0.3177083432674408], "val_loss": [1.9411401748657227, 1.9453376531600952, 1.9469083547592163, 1.949466586112976, 1.9493986368179321, 1.9441121816635132, 1.9536484479904175, 1.9553011655807495, 1.9363995790481567, 1.9326051473617554, 1.9348376989364624, 1.929613709449768, 1.92636239528656, 1.9334415197372437, 1.9542800188064575, 1.9480825662612915, 1.905444622039795, 1.9050787687301636, 1.9025826454162598, 1.894547939300537, 1.9215021133422852, 1.9214175939559937, 1.8341542482376099, 1.839391827583313, 1.9231185913085938, 1.9306446313858032, 1.8809505701065063, 1.8774319887161255, 1.9545310735702515, 1.932652473449707, 2.0551159381866455, 2.0417892932891846, 2.104522943496704, 2.0522568225860596, 2.024665594100952, 2.045797348022461, 2.2823779582977295, 2.2842941284179688, 2.3237476348876953, 2.236816883087158, 2.528055429458618, 2.4573309421539307, 2.414370059967041, 2.4459688663482666, 2.735023260116577, 2.621736764907837, 2.670565605163574, 2.7038393020629883, 3.1591837406158447, 3.151770830154419, 3.1149303913116455, 3.1067702770233154, 3.4534013271331787, 3.4082069396972656, 3.458989381790161, 3.4739866256713867, 3.562870979309082, 3.493180990219116, 3.637401580810547, 3.6922833919525146]}